case,method,seed,probe_work,elapsed_us,probes,poles,attempts,thiele,linear_solves,num_terms,den_terms
paper_eq3,BalancedZippel,1,0,24.920,21,0,1,3,0,2,3
paper_eq3,CuytLee,1,0,85.001,28,0,1,3,1,2,3
paper_eq3,CuytLee,2,0,36.071,28,0,1,3,1,2,3
paper_eq3,BalancedZippel,2,0,23.750,21,0,1,3,0,2,3
paper_eq3,BalancedZippel,3,0,23.040,21,0,1,3,0,2,3
paper_eq3,CuytLee,3,0,34.810,28,0,1,3,1,2,3
paper_eq3,CuytLee,4,0,33.250,28,0,1,3,1,2,3
paper_eq3,BalancedZippel,4,0,22.800,21,0,1,3,0,2,3
paper_eq3,BalancedZippel,5,0,22.911,21,0,1,3,0,2,3
paper_eq3,CuytLee,5,0,33.251,28,0,1,3,1,2,3
paper_eq3,CuytLee,6,0,32.210,28,0,1,3,1,2,3
paper_eq3,BalancedZippel,6,0,22.880,21,0,1,3,0,2,3
paper_eq3,BalancedZippel,7,0,22.880,21,0,1,3,0,2,3
paper_eq3,CuytLee,7,0,33.010,28,0,1,3,1,2,3
paper_eq3,CuytLee,8,0,32.910,28,0,1,3,1,2,3
paper_eq3,BalancedZippel,8,0,21.910,21,0,1,3,0,2,3
paper_eq3,BalancedZippel,9,0,22.749,21,0,1,3,0,2,3
paper_eq3,CuytLee,9,0,32.030,28,0,1,3,1,2,3
firefly_shift,BalancedZippel,1,0,25.310,21,0,1,3,0,2,3
firefly_shift,CuytLee,1,0,44.770,28,1,1,3,1,2,3
firefly_shift,CuytLee,2,0,38.500,28,1,1,3,1,2,3
firefly_shift,BalancedZippel,2,0,25.010,21,0,1,3,0,2,3
firefly_shift,BalancedZippel,3,0,25.131,21,0,1,3,0,2,3
firefly_shift,CuytLee,3,0,38.121,28,1,1,3,1,2,3
firefly_shift,CuytLee,4,0,37.790,28,1,1,3,1,2,3
firefly_shift,BalancedZippel,4,0,24.110,21,0,1,3,0,2,3
firefly_shift,BalancedZippel,5,0,24.570,21,0,1,3,0,2,3
firefly_shift,CuytLee,5,0,38.230,28,1,1,3,1,2,3
firefly_shift,CuytLee,6,0,37.110,28,1,1,3,1,2,3
firefly_shift,BalancedZippel,6,0,24.341,21,0,1,3,0,2,3
firefly_shift,BalancedZippel,7,0,24.540,21,0,1,3,0,2,3
firefly_shift,CuytLee,7,0,36.851,28,1,1,3,1,2,3
firefly_shift,CuytLee,8,0,37.320,28,1,1,3,1,2,3
firefly_shift,BalancedZippel,8,0,24.460,21,0,1,3,0,2,3
firefly_shift,BalancedZippel,9,0,25.040,21,0,1,3,0,2,3
firefly_shift,CuytLee,9,0,38.030,28,1,1,3,1,2,3
sparse3,BalancedZippel,1,0,269.871,121,0,1,6,0,4,3
sparse3,CuytLee,1,0,361.411,175,0,1,4,15,4,3
sparse3,CuytLee,2,0,347.081,175,0,1,4,15,4,3
sparse3,BalancedZippel,2,0,269.681,121,0,1,6,0,4,3
sparse3,BalancedZippel,3,0,279.731,121,0,1,6,0,4,3
sparse3,CuytLee,3,0,340.632,175,0,1,4,15,4,3
sparse3,CuytLee,4,0,346.342,175,0,1,4,15,4,3
sparse3,BalancedZippel,4,0,278.471,121,0,1,6,0,4,3
sparse3,BalancedZippel,5,0,267.931,121,0,1,6,0,4,3
sparse3,CuytLee,5,0,344.441,175,0,1,4,15,4,3
sparse3,CuytLee,6,0,352.601,175,0,1,4,15,4,3
sparse3,BalancedZippel,6,0,268.201,121,0,1,6,0,4,3
sparse3,BalancedZippel,7,0,268.871,121,0,1,6,0,4,3
sparse3,CuytLee,7,0,353.011,175,0,1,4,15,4,3
sparse3,CuytLee,8,0,406.722,175,0,1,4,15,4,3
sparse3,BalancedZippel,8,0,268.331,121,0,1,6,0,4,3
sparse3,BalancedZippel,9,0,284.051,121,0,1,6,0,4,3
sparse3,CuytLee,9,0,343.921,175,0,1,4,15,4,3
sparse4,BalancedZippel,1,0,154.520,102,0,1,10,0,4,3
sparse4,CuytLee,1,0,201.001,116,0,1,5,11,4,3
sparse4,CuytLee,2,0,195.371,116,0,1,5,11,4,3
sparse4,BalancedZippel,2,0,153.401,102,0,1,10,0,4,3
sparse4,BalancedZippel,3,0,151.951,102,0,1,10,0,4,3
sparse4,CuytLee,3,0,195.290,116,0,1,5,11,4,3
sparse4,CuytLee,4,0,204.931,116,0,1,5,11,4,3
sparse4,BalancedZippel,4,0,154.511,102,0,1,10,0,4,3
sparse4,BalancedZippel,5,0,152.420,102,0,1,10,0,4,3
sparse4,CuytLee,5,0,192.801,116,0,1,5,11,4,3
sparse4,CuytLee,6,0,191.961,116,0,1,5,11,4,3
sparse4,BalancedZippel,6,0,163.180,102,0,1,10,0,4,3
sparse4,BalancedZippel,7,0,150.781,102,0,1,10,0,4,3
sparse4,CuytLee,7,0,193.880,116,0,1,5,11,4,3
sparse4,CuytLee,8,0,192.741,116,0,1,5,11,4,3
sparse4,BalancedZippel,8,0,152.971,102,0,1,10,0,4,3
sparse4,BalancedZippel,9,0,148.820,102,0,1,10,0,4,3
sparse4,CuytLee,9,0,201.471,116,0,1,5,11,4,3
homogeneous_shift,BalancedZippel,1,0,112.270,69,0,1,6,0,3,3
homogeneous_shift,CuytLee,1,0,159.921,104,1,1,4,8,3,3
homogeneous_shift,CuytLee,2,0,156.431,104,1,1,4,8,3,3
homogeneous_shift,BalancedZippel,2,0,124.790,69,0,1,6,0,3,3
homogeneous_shift,BalancedZippel,3,0,111.460,69,0,1,6,0,3,3
homogeneous_shift,CuytLee,3,0,154.950,104,1,1,4,8,3,3
homogeneous_shift,CuytLee,4,0,155.011,104,1,1,4,8,3,3
homogeneous_shift,BalancedZippel,4,0,113.800,69,0,1,6,0,3,3
homogeneous_shift,BalancedZippel,5,0,112.311,69,0,1,6,0,3,3
homogeneous_shift,CuytLee,5,0,154.950,104,1,1,4,8,3,3
homogeneous_shift,CuytLee,6,0,161.891,104,1,1,4,8,3,3
homogeneous_shift,BalancedZippel,6,0,118.950,69,0,1,6,0,3,3
homogeneous_shift,BalancedZippel,7,0,112.641,69,0,1,6,0,3,3
homogeneous_shift,CuytLee,7,0,155.690,104,1,1,4,8,3,3
homogeneous_shift,CuytLee,8,0,153.581,104,1,1,4,8,3,3
homogeneous_shift,BalancedZippel,8,0,110.900,69,0,1,6,0,3,3
homogeneous_shift,BalancedZippel,9,0,112.221,69,0,1,6,0,3,3
homogeneous_shift,CuytLee,9,0,164.140,104,1,1,4,8,3,3
dense_total3,BalancedZippel,1,0,519.062,234,0,1,21,0,35,20
dense_total3,CuytLee,1,0,381.431,160,0,1,4,14,35,20
dense_total3,CuytLee,2,0,364.522,160,0,1,4,14,35,20
dense_total3,BalancedZippel,2,0,536.292,234,0,1,21,0,35,20
dense_total3,BalancedZippel,3,0,513.052,234,0,1,21,0,35,20
dense_total3,CuytLee,3,0,380.182,160,0,1,4,14,35,20
dense_total3,CuytLee,4,0,366.701,160,0,1,4,14,35,20
dense_total3,BalancedZippel,4,0,514.992,234,0,1,21,0,35,20
dense_total3,BalancedZippel,5,0,638.353,234,0,1,21,0,35,20
dense_total3,CuytLee,5,0,389.532,160,0,1,4,14,35,20
dense_total3,CuytLee,6,0,365.611,160,0,1,4,14,35,20
dense_total3,BalancedZippel,6,0,524.872,234,0,1,21,0,35,20
dense_total3,BalancedZippel,7,0,531.142,234,0,1,21,0,35,20
dense_total3,CuytLee,7,0,368.301,160,0,1,4,14,35,20
dense_total3,CuytLee,8,0,375.392,160,0,1,4,14,35,20
dense_total3,BalancedZippel,8,0,519.622,234,0,1,21,0,35,20
dense_total3,BalancedZippel,9,0,527.153,234,0,1,21,0,35,20
dense_total3,CuytLee,9,0,367.831,160,0,1,4,14,35,20
dense_box3,BalancedZippel,1,0,592.993,192,0,1,21,0,64,27
dense_box3,CuytLee,1,0,834.133,228,0,1,4,11,64,27
dense_box3,CuytLee,2,0,846.843,228,0,1,4,11,64,27
dense_box3,BalancedZippel,2,0,601.702,192,0,1,21,0,64,27
dense_box3,BalancedZippel,3,0,591.632,192,0,1,21,0,64,27
dense_box3,CuytLee,3,0,839.883,228,0,1,4,11,64,27
dense_box3,CuytLee,4,0,830.383,228,0,1,4,11,64,27
dense_box3,BalancedZippel,4,0,612.022,192,0,1,21,0,64,27
dense_box3,BalancedZippel,5,0,591.982,192,0,1,21,0,64,27
dense_box3,CuytLee,5,0,838.233,228,0,1,4,11,64,27
dense_box3,CuytLee,6,0,836.082,228,0,1,4,11,64,27
dense_box3,BalancedZippel,6,0,606.383,192,0,1,21,0,64,27
dense_box3,BalancedZippel,7,0,596.051,192,0,1,21,0,64,27
dense_box3,CuytLee,7,0,853.063,228,0,1,4,11,64,27
dense_box3,CuytLee,8,0,839.973,228,0,1,4,11,64,27
dense_box3,BalancedZippel,8,0,866.893,192,0,1,21,0,64,27
dense_box3,BalancedZippel,9,0,892.963,192,0,1,21,0,64,27
dense_box3,CuytLee,9,0,875.313,228,0,1,4,11,64,27
paper_eq28_y_d,BalancedZippel,1,0,10628.317,538,0,1,9,0,248,180
paper_eq28_y_d,CuytLee,1,0,36606.397,1365,0,1,3,14,248,180
paper_eq28_y_d,CuytLee,2,0,36556.087,1365,0,1,3,14,248,180
paper_eq28_y_d,BalancedZippel,2,0,10473.226,538,0,1,9,0,248,180
paper_eq28_y_d,BalancedZippel,3,0,10724.728,538,0,1,9,0,248,180
paper_eq28_y_d,CuytLee,3,0,38672.575,1365,0,1,3,14,248,180
paper_eq28_y_d,CuytLee,4,0,38137.302,1365,0,1,3,14,248,180
paper_eq28_y_d,BalancedZippel,4,0,10880.568,538,0,1,9,0,248,180
paper_eq28_y_d,BalancedZippel,5,0,11007.369,538,0,1,9,0,248,180
paper_eq28_y_d,CuytLee,5,0,38260.163,1365,0,1,3,14,248,180
paper_eq28_y_d,CuytLee,6,0,37039.779,1365,0,1,3,14,248,180
paper_eq28_y_d,BalancedZippel,6,0,10813.508,538,0,1,9,0,248,180
paper_eq28_y_d,BalancedZippel,7,0,10720.237,538,0,1,9,0,248,180
paper_eq28_y_d,CuytLee,7,0,37215.859,1365,0,1,3,14,248,180
paper_eq28_y_d,CuytLee,8,0,37141.090,1365,0,1,3,14,248,180
paper_eq28_y_d,BalancedZippel,8,0,10710.038,538,0,1,9,0,248,180
paper_eq28_y_d,BalancedZippel,9,0,10671.237,538,0,1,9,0,248,180
paper_eq28_y_d,CuytLee,9,0,36292.556,1365,0,1,3,14,248,180
paper_eq28_d_y,BalancedZippel,1,0,17614.361,1027,0,1,32,0,248,180
paper_eq28_d_y,CuytLee,1,0,37093.679,1365,0,1,3,14,248,180
paper_eq28_d_y,CuytLee,2,0,36642.118,1365,0,1,3,14,248,180
paper_eq28_d_y,BalancedZippel,2,0,17283.280,1027,0,1,32,0,248,180
paper_eq28_d_y,BalancedZippel,3,0,17247.560,1027,0,1,32,0,248,180
paper_eq28_d_y,CuytLee,3,0,36618.548,1365,0,1,3,14,248,180
paper_eq28_d_y,CuytLee,4,0,37094.420,1365,0,1,3,14,248,180
paper_eq28_d_y,BalancedZippel,4,0,17946.593,1027,0,1,32,0,248,180
paper_eq28_d_y,BalancedZippel,5,0,17931.052,1027,0,1,32,0,248,180
paper_eq28_d_y,CuytLee,5,0,36620.098,1365,0,1,3,14,248,180
paper_eq28_d_y,CuytLee,6,0,36138.106,1365,0,1,3,14,248,180
paper_eq28_d_y,BalancedZippel,6,0,17444.890,1027,0,1,32,0,248,180
paper_eq28_d_y,BalancedZippel,7,0,17468.210,1027,0,1,32,0,248,180
paper_eq28_d_y,CuytLee,7,0,37158.199,1365,0,1,3,14,248,180
paper_eq28_d_y,CuytLee,8,0,37058.819,1365,0,1,3,14,248,180
paper_eq28_d_y,BalancedZippel,8,0,17776.782,1027,0,1,32,0,248,180
paper_eq28_d_y,BalancedZippel,9,0,17376.461,1027,0,1,32,0,248,180
paper_eq28_d_y,CuytLee,9,0,37466.060,1365,0,1,3,14,248,180
