case,num_terms,den_terms,baseline,current,firefly_default,firefly_scan,firefly_best,fire7_learned,change
fire7_nb0_rank2294,20,3,92,92,87,131,87,344,0
fire7_nb0_rank2494,16,2,89,89,76,119,76,307,0
fire7_nb0_rank2587,12,5,66,66,50,112,50,171,0
fire7_nb0_rank2634,10,6,61,61,56,109,56,192,0
fire7_nb0_rank2646,12,5,64,64,50,111,50,165,0
fire7_nb0_rank2657,12,4,52,52,50,84,50,170,0
fire7_nb0_rank2658,12,4,52,52,48,84,48,170,0
fire7_nb0_rank2667,10,5,60,60,49,113,49,148,0
fire7_nb0_rank2669,10,5,60,60,48,113,48,144,0
fire7_nb0_rank2670,10,5,56,56,48,113,48,140,0
fire7_nb0_rank2676,10,5,56,56,48,113,48,140,0
fire7_nb0_rank2680,10,3,51,51,49,92,49,152,0
fire7_nb0_rank2681,10,5,63,63,48,110,48,157,0
fire7_nb0_rank2686,12,2,52,52,51,77,51,171,0
fire7_nb0_rank2688,10,4,50,50,48,105,48,140,0
fire7_nb0_rank2695,12,3,58,58,50,109,50,160,0
fire7_nb0_rank2697,10,4,50,50,45,105,45,142,0
fire7_nb0_rank2731,10,4,50,50,45,105,45,142,0
fire7_nb0_rank2734,3,10,50,50,45,72,45,162,0
fire7_nb0_rank2735,3,10,50,50,45,72,45,166,0
fire7_nb0_rank2736,11,3,58,58,49,107,49,160,0
fire7_nb0_rank2741,8,4,71,71,61,115,61,248,0
fire7_nb0_rank2742,10,2,50,50,49,88,49,143,0
fire7_nb0_rank2745,3,10,50,50,45,72,45,162,0
fire7_nb0_rank2757,3,10,50,50,45,72,45,166,0
fire7_nb0_rank2758,3,10,48,48,45,72,45,158,0
fire7_nb0_rank2760,3,10,50,50,45,72,45,162,0
fire7_nb0_rank2762,10,3,53,53,45,108,45,143,0
fire7_nb0_rank2765,8,5,52,52,46,110,46,140,0
fire7_nb0_rank2773,8,5,54,54,46,110,46,144,0
fire7_nb0_rank2805,3,10,50,50,45,72,45,162,0
fire7_nb0_rank2816,3,10,50,50,45,72,45,162,0
fire7_nb0_rank2817,9,2,66,66,51,96,51,250,0
fire7_nb0_rank2848,8,3,53,53,43,104,43,143,0
fire7_nb0_rank2858,8,3,53,53,42,104,42,143,0
fire7_nb0_rank2859,8,3,53,53,42,106,42,143,0
fire7_nb0_rank2860,8,3,51,51,44,106,44,131,0
fire7_nb0_rank2861,8,3,51,51,44,104,44,131,0
fire7_nb0_rank2883,4,6,46,46,44,71,44,114,0
fire7_nb0_rank2884,4,6,46,46,39,71,39,122,0
fire7_nb0_rank2885,4,6,46,46,42,71,42,122,0
fire7_nb0_rank2886,4,6,46,46,42,71,42,122,0
fire7_nb0_rank2903,7,2,58,58,55,91,55,199,0
fire7_nb0_rank2910,6,3,43,43,40,88,40,105,0
fire7_nb0_rank2919,6,3,43,43,40,88,40,105,0
fire7_nb0_rank2920,6,5,49,49,31,81,31,144,0
fire7_nb0_rank2922,4,6,39,39,37,59,37,84,0
fire7_nb0_rank2923,6,5,49,49,31,81,31,148,0
fire7_nb0_rank2932,8,3,46,46,44,86,44,125,0
fire7_nb0_rank2936,3,6,41,41,40,62,40,104,0
fire7_nb0_rank2937,3,5,50,50,46,83,46,176,0
fire7_nb0_rank2938,8,3,53,53,39,105,39,143,0
fire7_nb0_rank2946,8,4,43,43,39,91,39,99,0
fire7_nb0_rank2948,6,3,43,43,40,88,40,105,0
fire7_nb0_rank2953,3,6,42,42,40,66,40,104,0
fire7_nb0_rank2961,3,6,41,41,40,62,40,104,0
fire7_nb0_rank2962,8,2,41,41,39,79,39,98,0
fire7_nb0_rank2964,6,2,36,36,33,72,33,77,0
fire7_nb0_rank2965,3,6,41,41,40,62,40,104,0
fire7_nb0_rank2969,7,3,47,47,39,103,39,125,0
fire7_nb0_rank2971,6,2,36,36,32,72,32,75,0
fire7_nb0_rank2972,3,6,41,41,40,62,40,104,0
fire7_nb0_rank2973,8,2,41,41,39,79,39,94,0
fire7_nb0_rank2991,6,4,52,52,30,78,30,170,0
fire7_nb0_rank2992,6,4,37,37,31,63,31,96,0
fire7_nb0_rank2993,6,4,52,52,29,78,29,170,0
fire7_nb0_rank2995,6,3,42,42,31,79,31,94,0
fire7_nb0_rank2996,6,3,42,42,27,79,27,98,0
fire7_nb0_rank3001,6,3,42,42,29,79,29,102,0
fire7_nb0_rank3002,6,3,42,42,29,79,29,102,0
fire7_nb0_rank3003,6,3,42,42,27,79,27,98,0
fire7_nb0_rank3004,4,4,41,41,38,65,38,90,0
fire7_nb0_rank3005,6,4,41,41,40,84,40,96,0
fire7_nb0_rank3007,3,6,41,41,40,62,40,104,0
fire7_nb0_rank3008,3,6,58,58,45,84,45,200,0
fire7_nb0_rank3009,6,3,42,42,27,79,27,98,0
fire7_nb0_rank3011,4,4,41,41,38,65,38,90,0
fire7_nb0_rank3012,6,4,37,37,29,63,29,94,0
fire7_nb0_rank3013,6,4,37,37,30,63,30,92,0
fire7_nb0_rank3014,3,6,41,41,40,62,40,104,0
fire7_nb0_rank3019,3,6,41,41,40,62,40,104,0
fire7_nb0_rank3020,3,6,41,41,40,62,40,104,0
fire7_nb0_rank3025,4,4,49,49,40,84,40,141,0
fire7_nb0_rank3026,6,4,39,39,29,74,29,94,0
fire7_nb0_rank3037,6,3,43,43,40,88,40,105,0
fire7_nb0_rank3038,5,4,38,37,33,75,33,78,-1
fire7_nb0_rank3045,6,3,49,49,40,99,40,125,0
fire7_nb0_rank3046,6,4,37,37,31,63,31,96,0
fire7_nb0_rank3047,6,4,37,37,29,63,29,94,0
fire7_nb0_rank3048,3,6,56,56,27,74,27,198,0
fire7_nb0_rank3051,2,6,37,37,34,60,34,97,0
fire7_nb0_rank3058,6,2,52,52,33,71,33,171,0
fire7_nb0_rank3059,6,2,36,36,35,57,35,92,0
fire7_nb0_rank3060,6,2,38,38,35,69,35,96,0
fire7_nb0_rank3061,5,4,47,47,29,74,29,141,0
fire7_nb0_rank3062,6,3,42,42,28,73,28,107,0
fire7_nb0_rank3067,6,2,36,36,31,61,31,92,0
fire7_nb0_rank3068,3,5,50,50,26,69,26,162,0
fire7_nb0_rank3069,3,5,48,48,27,69,27,158,0
fire7_nb0_rank3074,4,3,36,36,32,50,32,56,0
fire7_nb0_rank3075,6,3,40,40,27,70,27,98,0
fire7_nb0_rank3076,3,4,37,37,34,60,34,84,0
fire7_nb0_rank3078,6,2,51,51,27,70,27,170,0
fire7_nb0_rank3079,6,2,51,51,26,70,26,170,0
fire7_nb0_rank3080,6,2,35,35,27,52,27,93,0
fire7_nb0_rank3081,3,4,37,37,34,60,34,84,0
fire7_nb0_rank3083,6,3,42,42,27,79,27,98,0
fire7_nb0_rank3084,6,3,40,40,27,70,27,98,0
fire7_nb0_rank3085,6,2,37,37,27,64,27,91,0
fire7_nb0_rank3089,6,2,37,37,28,66,28,91,0
fire7_nb0_rank3090,3,4,37,37,34,60,34,84,0
fire7_nb0_rank3092,6,1,36,36,33,52,33,89,0
fire7_nb0_rank3094,6,2,34,34,33,52,33,77,0
fire7_nb0_rank3095,6,2,34,34,33,52,33,77,0
fire7_nb0_rank3097,4,3,38,38,27,67,27,102,0
fire7_nb0_rank3100,5,4,46,46,30,84,30,130,0
fire7_nb0_rank3101,6,1,34,34,27,50,27,87,0
fire7_nb0_rank3102,6,1,34,34,27,50,27,89,0
fire7_nb0_rank3103,4,2,40,40,38,51,38,60,0
fire7_nb0_rank3108,4,2,38,38,34,49,34,58,0
fire7_nb0_rank3109,2,6,37,37,27,56,27,97,0
fire7_nb0_rank3110,2,6,37,37,27,56,27,97,0
fire7_nb0_rank3111,4,2,38,38,36,56,36,58,0
fire7_nb0_rank3112,6,2,37,37,21,66,21,91,0
fire7_nb0_rank3113,6,2,37,37,22,67,22,89,0
fire7_nb0_rank3114,3,6,39,39,27,56,27,102,0
fire7_nb0_rank3116,4,3,41,41,40,89,40,95,0
fire7_nb0_rank3118,6,1,35,35,20,53,20,86,0
fire7_nb0_rank3119,6,1,35,35,21,53,21,88,0
fire7_nb0_rank3122,6,3,40,40,22,70,22,92,0
fire7_nb0_rank3123,6,3,38,38,22,60,22,92,0
fire7_nb0_rank3126,5,2,44,44,35,70,35,143,0
fire7_nb0_rank3130,6,1,35,35,22,53,22,84,0
fire7_nb0_rank3131,3,4,35,35,26,51,26,74,0
fire7_nb0_rank3132,3,4,35,35,24,51,24,78,0
fire7_nb0_rank3133,3,4,35,35,26,51,26,74,0
fire7_nb0_rank3134,3,4,35,35,24,51,24,78,0
fire7_nb0_rank3137,6,1,35,35,22,53,22,84,0
fire7_nb0_rank3138,6,2,34,34,22,47,22,88,0
fire7_nb0_rank3139,3,4,35,35,26,51,26,74,0
fire7_nb0_rank3140,6,2,37,37,21,66,21,91,0
fire7_nb0_rank3141,4,4,34,34,28,62,28,75,0
fire7_nb0_rank3142,6,1,33,33,21,45,21,88,0
fire7_nb0_rank3143,6,1,35,35,22,53,22,84,0
fire7_nb0_rank3144,6,1,35,35,21,53,21,88,0
fire7_nb0_rank3145,3,4,35,35,25,51,25,78,0
fire7_nb0_rank3146,3,4,35,35,26,51,26,74,0
fire7_nb0_rank3150,5,2,36,35,30,60,30,77,-1
fire7_nb0_rank3151,3,4,35,35,26,51,26,74,0
fire7_nb0_rank3152,3,4,35,35,24,51,24,78,0
fire7_nb0_rank3153,3,4,35,35,25,51,25,78,0
fire7_nb0_rank3154,3,2,34,34,30,51,30,56,0
fire7_nb0_rank3155,3,2,34,34,30,51,30,56,0
fire7_nb0_rank3156,4,4,35,35,28,61,28,80,0
fire7_nb0_rank3157,4,2,32,32,24,48,24,74,0
fire7_nb0_rank3158,3,3,43,43,38,61,38,106,0
fire7_nb0_rank3159,6,2,34,34,22,47,22,88,0
fire7_nb0_rank3160,5,1,35,35,19,52,19,88,0
fire7_nb0_rank3161,5,1,35,35,21,53,21,88,0
fire7_nb0_rank3162,5,1,35,35,20,53,20,86,0
fire7_nb0_rank3163,3,2,39,39,34,63,34,86,0
fire7_nb0_rank3164,3,4,35,35,24,51,24,78,0
fire7_nb0_rank3165,3,4,35,35,25,51,25,78,0
fire7_nb0_rank3166,6,2,37,37,21,66,21,91,0
fire7_nb0_rank3167,6,2,37,37,21,66,21,91,0
fire7_nb0_rank3168,3,3,42,42,24,63,24,104,0
fire7_nb0_rank3169,5,1,35,35,20,52,20,84,0
fire7_nb0_rank3170,2,3,37,37,26,55,26,94,0
fire7_nb0_rank3171,2,3,37,37,25,55,25,102,0
fire7_nb0_rank3172,3,2,34,34,32,51,32,56,0
fire7_nb0_rank3173,4,3,40,40,22,69,22,92,0
fire7_nb0_rank3174,3,2,34,34,32,51,32,56,0
fire7_nb0_rank3175,3,2,34,34,30,44,30,56,0
fire7_nb0_rank3176,4,3,36,36,20,57,20,92,0
fire7_nb0_rank3177,3,2,34,34,30,44,30,56,0
fire7_nb0_rank3178,3,2,34,34,30,51,30,56,0
fire7_nb0_rank3179,3,2,34,34,30,44,30,56,0
fire7_nb0_rank3180,4,1,33,33,24,47,24,68,0
fire7_nb0_rank3181,3,2,34,34,30,51,30,56,0
fire7_nb0_rank3182,3,2,34,34,32,51,32,56,0
fire7_nb0_rank3183,4,3,36,36,20,57,20,92,0
fire7_nb0_rank3184,4,3,36,36,20,57,20,92,0
fire7_nb0_rank3185,3,3,42,42,24,63,24,104,0
fire7_nb0_rank3186,3,2,34,34,28,44,28,56,0
fire7_nb0_rank3187,4,1,33,33,24,47,24,68,0
fire7_nb0_rank3188,4,1,32,32,27,50,27,75,0
fire7_nb0_rank3189,3,2,34,34,30,44,30,56,0
fire7_nb0_rank3190,6,1,35,35,22,53,22,84,0
fire7_nb0_rank3191,3,2,34,34,30,51,30,56,0
fire7_nb0_rank3192,6,1,33,33,22,45,22,84,0
fire7_nb0_rank3193,4,1,31,31,20,47,20,69,0
fire7_nb0_rank3194,3,2,34,34,30,51,30,56,0
fire7_nb0_rank3195,4,1,31,31,25,46,25,72,0
fire7_nb0_rank3196,3,2,34,34,30,51,30,56,0
fire7_nb0_rank3197,6,1,33,33,22,45,22,84,0
fire7_nb0_rank3198,4,1,31,31,18,47,18,71,0
fire7_nb0_rank3199,3,2,34,34,30,51,30,56,0
fire7_nb0_rank3200,4,1,31,31,19,47,19,67,0
fire7_nb0_rank3201,4,1,32,32,17,51,17,74,0
fire7_nb0_rank3202,4,1,30,30,20,41,20,69,0
fire7_nb0_rank3203,4,1,31,31,20,47,20,69,0
fire7_nb0_rank3204,3,2,34,34,30,51,30,56,0
fire7_nb0_rank3205,3,2,34,34,30,51,30,56,0
fire7_nb0_rank3206,3,2,34,34,30,51,30,56,0
fire7_nb0_rank3207,4,1,31,31,24,46,24,72,0
fire7_nb0_rank3208,3,2,32,32,23,42,23,54,0
fire7_nb0_rank3209,4,1,31,31,18,47,18,65,0
fire7_nb0_rank3210,3,2,34,34,30,44,30,56,0
fire7_nb0_rank3211,3,2,34,34,30,44,30,56,0
fire7_nb0_rank3212,4,1,31,31,19,45,19,74,0
fire7_nb0_rank3213,3,2,32,32,22,42,22,54,0
fire7_nb0_rank3214,3,2,32,32,23,42,23,54,0
fire7_nb0_rank3215,3,2,32,32,23,42,23,54,0
fire7_nb0_rank3216,3,2,32,32,22,42,22,54,0
fire7_nb0_rank3217,3,2,32,32,23,42,23,54,0
fire7_nb0_rank3218,2,3,37,37,36,72,36,100,0
fire7_nb0_rank3219,3,2,32,32,22,42,22,54,0
fire7_nb0_rank3220,3,2,33,33,28,50,28,55,0
fire7_nb0_rank3221,3,2,33,33,31,50,31,55,0
fire7_nb0_rank3222,3,2,33,33,28,50,28,55,0
fire7_nb0_rank3223,3,2,32,32,23,42,23,54,0
fire7_nb0_rank3224,5,1,35,35,20,52,20,84,0
fire7_nb0_rank3225,5,3,40,40,20,68,20,92,0
fire7_nb0_rank3226,4,1,30,30,19,41,19,67,0
fire7_nb0_rank3227,3,2,32,32,23,42,23,54,0
fire7_nb0_rank3228,3,2,32,32,22,42,22,54,0
fire7_nb0_rank3229,3,2,32,32,22,42,22,54,0
fire7_nb0_rank3230,3,2,32,32,22,42,22,54,0
fire7_nb0_rank3231,3,2,32,32,22,42,22,54,0
fire7_nb0_rank3232,3,3,41,41,27,59,27,104,0
fire7_nb0_rank3233,3,2,32,32,23,42,23,54,0
fire7_nb0_rank3234,3,2,32,32,22,42,22,54,0
fire7_nb0_rank3235,3,2,32,32,23,42,23,54,0
fire7_nb0_rank3236,3,2,32,32,23,42,23,54,0
fire7_nb0_rank3237,3,2,32,32,23,42,23,54,0
fire7_nb0_rank3238,3,1,36,36,30,50,30,58,0
fire7_nb0_rank3239,5,2,37,37,19,63,19,87,0
fire7_nb0_rank3240,3,3,38,38,18,49,18,98,0
fire7_nb0_rank3241,3,2,32,32,22,42,22,54,0
fire7_nb0_rank3242,3,2,32,32,22,42,22,54,0
fire7_nb0_rank3243,3,2,32,32,22,42,22,54,0
fire7_nb0_rank3244,2,3,38,38,24,65,24,100,0
fire7_nb0_rank3245,3,1,34,34,22,41,22,56,0
fire7_nb0_rank3246,5,1,35,35,17,51,17,86,0
fire7_nb0_rank3247,5,1,35,35,19,52,19,88,0
fire7_nb0_rank3248,4,1,32,32,23,43,23,71,0
fire7_nb0_rank3249,3,1,34,34,23,48,23,56,0
fire7_nb0_rank3250,2,3,35,35,17,49,17,92,0
fire7_nb0_rank3251,3,2,30,20,17,33,17,52,-10
fire7_nb0_rank3252,4,2,33,33,20,53,20,75,0
fire7_nb0_rank3253,2,3,35,35,12,45,12,92,0
fire7_nb0_rank3254,4,1,30,30,19,41,19,69,0
fire7_nb0_rank3255,2,3,35,35,17,49,17,92,0
fire7_nb0_rank3256,2,3,35,35,12,45,12,92,0
fire7_nb0_rank3257,5,1,35,35,20,52,20,84,0
fire7_nb0_rank3258,2,2,31,31,23,46,23,54,0
fire7_nb0_rank3259,1,3,36,36,29,52,29,98,0
fire7_nb0_rank3260,3,1,34,34,22,41,22,56,0
fire7_nb0_rank3261,3,2,30,20,17,33,17,52,-10
fire7_nb0_rank3262,3,1,34,34,21,41,21,56,0
fire7_nb0_rank3263,2,3,35,35,12,45,12,92,0
fire7_nb0_rank3264,3,2,35,35,18,46,18,89,0
fire7_nb0_rank3265,2,3,35,35,12,45,12,92,0
fire7_nb0_rank3266,2,2,29,29,17,37,17,52,0
fire7_nb0_rank3267,1,3,35,35,24,51,24,97,0
fire7_nb0_rank3268,2,2,30,30,18,38,18,53,0
fire7_nb0_rank3269,2,2,29,29,17,37,17,52,0
fire7_nb0_rank3270,2,1,31,31,23,48,23,55,0
fire7_nb0_rank3271,2,2,29,29,17,37,17,52,0
fire7_nb0_rank3272,2,2,29,29,17,37,17,52,0
fire7_nb0_rank3273,1,3,33,33,10,41,10,87,0
fire7_nb0_rank3274,3,2,30,20,17,33,17,52,-10
fire7_nb0_rank3275,1,3,33,33,9,37,9,87,0
fire7_nb0_rank3276,3,2,34,34,12,41,12,88,0
fire7_nb0_rank3277,3,2,34,34,12,41,12,88,0
fire7_nb0_rank3278,2,2,29,29,17,37,17,52,0
fire7_nb0_rank3279,2,2,29,29,17,37,17,52,0
fire7_nb0_rank3280,3,2,30,20,17,33,17,52,-10
fire7_nb0_rank3281,2,2,31,31,16,44,16,68,0
fire7_nb0_rank3282,2,2,28,18,12,29,12,51,-10
fire7_nb0_rank3283,2,1,28,28,12,31,12,52,0
fire7_nb0_rank3284,2,1,28,28,12,31,12,52,0
fire7_nb0_rank3285,2,3,35,35,12,45,12,92,0
fire7_nb0_rank3286,2,2,28,18,12,29,12,51,-10
fire7_nb0_rank3287,2,2,31,31,11,40,11,68,0
fire7_nb0_rank3288,2,3,35,35,12,45,12,92,0
fire7_nb0_rank3289,2,2,28,18,12,29,12,51,-10
fire7_nb0_rank3290,2,2,28,18,12,29,12,51,-10
fire7_nb0_rank3291,2,1,28,28,12,31,12,52,0
fire7_nb0_rank3292,2,3,35,35,12,45,12,92,0
fire7_nb0_rank3293,2,1,28,28,10,31,10,52,0
fire7_nb0_rank3294,2,1,28,28,11,31,11,52,0
fire7_nb0_rank3295,2,2,31,31,11,40,11,68,0
fire7_nb0_rank3296,1,2,28,18,9,23,9,51,-10
fire7_nb0_rank3297,2,1,28,28,10,31,10,52,0
fire7_nb0_rank3298,2,1,28,28,11,31,11,52,0
fire7_nb0_rank3299,2,2,31,31,11,46,11,74,0
fire7_nb0_rank3300,1,1,28,28,16,39,16,53,0
fire7_nb0_rank3301,2,1,28,28,12,33,12,66,0
fire7_nb0_rank3302,2,1,28,28,12,31,12,52,0
fire7_nb0_rank3303,2,1,28,28,12,31,12,52,0
fire7_nb0_rank3304,2,1,28,28,12,31,12,52,0
fire7_nb0_rank3305,2,1,26,16,8,22,8,50,-10
fire7_nb0_rank3306,2,1,28,28,10,31,10,52,0
fire7_nb0_rank3307,2,1,26,16,8,22,8,50,-10
fire7_nb0_rank3308,1,1,25,25,6,22,6,50,0
fire7_nb0_rank3309,1,1,25,25,6,22,6,50,0
fire7_nb0_rank3310,1,1,25,25,7,22,7,50,0
fire7_nb0_rank3311,2,1,26,16,8,22,8,50,-10
fire7_nb0_rank3312,2,1,26,16,8,22,8,50,-10
fire7_nb0_rank3313,2,1,26,16,8,22,8,50,-10
fire7_nb0_rank3314,2,1,26,16,8,22,8,50,-10
fire7_nb0_rank3315,2,1,26,16,8,22,8,50,-10
fire7_nb0_rank3316,2,1,26,16,8,22,8,50,-10
fire7_nb0_rank3317,2,1,26,16,8,22,8,50,-10
fire7_nb0_rank3318,1,1,14,14,3,14,3,49,0
fire7_nb0_rank3319,1,1,14,14,3,14,3,49,0
